<application>
  <component name="VSTSSettings">
    <option name="serverContexts">
      <array>
        <ServerContextState>
          <option name="type" value="VSO" />
          <option name="uri" value="https://dev.azure.com/tuxteam" />
          <option name="serverUri" value="https://dev.azure.com/tuxteam" />
          <option name="userId" value="aeebf40e-09c7-42c5-8bdf-768e5a45543c" />
          <option name="teamProjectCollectionReference" value="{&quot;id&quot;:null,&quot;name&quot;:null,&quot;url&quot;:null}" />
          <option name="teamProjectReference" value="{&quot;abbreviation&quot;:null,&quot;description&quot;:null,&quot;id&quot;:null,&quot;name&quot;:null,&quot;revision&quot;:0,&quot;state&quot;:null,&quot;url&quot;:null}" />
        </ServerContextState>
        <ServerContextState>
          <option name="type" value="VSO" />
          <option name="uri" value="https://tuxteam@dev.azure.com/tuxteam/Iranemp/_git/Iranemp" />
          <option name="serverUri" value="https://dev.azure.com/tuxteam" />
          <option name="userId" value="aeebf40e-09c7-42c5-8bdf-768e5a45543c" />
          <option name="teamProjectCollectionReference" value="{&quot;id&quot;:&quot;ada6a7fe-4228-4bb7-a2ea-f9610eb263f9&quot;,&quot;name&quot;:&quot;tuxteam&quot;,&quot;url&quot;:&quot;https://dev.azure.com/tuxteam/_apis/projectCollections/ada6a7fe-4228-4bb7-a2ea-f9610eb263f9&quot;}" />
          <option name="teamProjectReference" value="{&quot;abbreviation&quot;:null,&quot;description&quot;:&quot;پرتال سازمان محیط زیست&quot;,&quot;id&quot;:&quot;f27ed7e9-d020-48e8-89b8-7866bf71fd0e&quot;,&quot;name&quot;:&quot;Iranemp&quot;,&quot;revision&quot;:470929645,&quot;state&quot;:&quot;NEW&quot;,&quot;url&quot;:&quot;https://dev.azure.com/tuxteam/_apis/projects/f27ed7e9-d020-48e8-89b8-7866bf71fd0e&quot;}" />
          <option name="gitRepository" value="{&quot;defaultBranch&quot;:null,&quot;id&quot;:&quot;e9f0ddc7-da3d-4d47-9a53-e7c7550d6ea5&quot;,&quot;name&quot;:&quot;Iranemp&quot;,&quot;remoteUrl&quot;:&quot;https://tuxteam@dev.azure.com/tuxteam/Iranemp/_git/Iranemp&quot;,&quot;url&quot;:&quot;https://dev.azure.com/tuxteam/_apis/git/repositories/e9f0ddc7-da3d-4d47-9a53-e7c7550d6ea5&quot;,&quot;_links&quot;:null,&quot;project&quot;:{&quot;abbreviation&quot;:null,&quot;description&quot;:&quot;پرتال سازمان محیط زیست&quot;,&quot;id&quot;:&quot;f27ed7e9-d020-48e8-89b8-7866bf71fd0e&quot;,&quot;name&quot;:&quot;Iranemp&quot;,&quot;revision&quot;:470929645,&quot;state&quot;:&quot;NEW&quot;,&quot;url&quot;:&quot;https://dev.azure.com/tuxteam/_apis/projects/f27ed7e9-d020-48e8-89b8-7866bf71fd0e&quot;}}" />
        </ServerContextState>
      </array>
    </option>
    <option name="properties">
      <array>
        <PropertyState>
          <option name="name" value="lastContextKey" />
          <option name="value" value="//dev.azure.com/tuxteam" />
        </PropertyState>
      </array>
    </option>
  </component>
</application>