<keymap version="1" name="VSCode copy" parent="VSCode">
  <action id="CloseProject" />
  <action id="QuickJavaDoc">
    <keyboard-shortcut first-keystroke="alt period" />
  </action>
  <action id="ReformatCode">
    <keyboard-shortcut first-keystroke="shift alt f" />
    <keyboard-shortcut first-keystroke="ctrl k" second-keystroke="f" />
  </action>
  <action id="ShowReformatFileDialog">
    <keyboard-shortcut first-keystroke="shift ctrl alt l" />
    <keyboard-shortcut first-keystroke="ctrl k" second-keystroke="ctrl f" />
  </action>
</keymap>